{"credit":"Made with Blockbench","texture_size":[64,64],"textures":{"0":"optifine/cit/floral_gear/shield/flower_shield","particle":"optifine/cit/floral_gear/shield/flower_shield"},"elements":[{"from":[7,8,9],"to":[9,14,15],"rotation":{"angle":0,"axis":"y","origin":[15,15,17]},"faces":{"east":{"uv":[4.5,5.5,6,7],"texture":"#0"},"south":{"uv":[6,5.5,6.5,7],"texture":"#0"},"west":{"uv":[4.5,5.5,6,7],"texture":"#0"},"up":{"uv":[4.5,5,6,5.5],"rotation":90,"texture":"#0"},"down":{"uv":[4.5,4.5,6,5],"rotation":90,"texture":"#0"}}},{"from":[3.866,6.8608,7.1732],"to":[12.134,15.1288,8.8268],"rotation":{"angle":0,"axis":"y","origin":[1.3856,1.9,1.3856]},"faces":{"north":{"uv":[0,4.5,2.5,7],"texture":"#0"},"east":{"uv":[2.5,7,0,7.5],"rotation":90,"texture":"#0"},"south":{"uv":[0,7.5,2.5,10],"texture":"#0"},"west":{"uv":[2.5,7.5,0,7],"rotation":90,"texture":"#0"},"up":{"uv":[0,7,2.5,7.5],"texture":"#0"},"down":{"uv":[2.5,7.5,0,7],"texture":"#0"}}},{"from":[1.3856,13.4752,8],"to":[14.6144,26.704,8],"rotation":{"angle":-45,"axis":"z","origin":[8,10.9948,8.2067]},"faces":{"north":{"uv":[0,0,4,4],"texture":"#0"},"south":{"uv":[0,0,4,4],"texture":"#0"}}},{"from":[1.3856,-4.7144,8],"to":[14.6144,8.5144,8],"rotation":{"angle":-45,"axis":"z","origin":[8,10.9948,8.2067]},"faces":{"north":{"uv":[4,4,0,0],"texture":"#0"},"south":{"uv":[4,4,0,0],"texture":"#0"}}},{"from":[10.4804,4.3804,8],"to":[23.7092,17.6092,8],"rotation":{"angle":-45,"axis":"z","origin":[8,10.9948,8.2067]},"faces":{"north":{"uv":[4,4,0,0],"rotation":90,"texture":"#0"},"south":{"uv":[4,4,0,0],"rotation":270,"texture":"#0"}}},{"from":[-7.7092,4.3804,8],"to":[5.5196,17.6092,8],"rotation":{"angle":-45,"axis":"z","origin":[8,10.9948,8.2067]},"faces":{"north":{"uv":[4,0,0,4],"rotation":90,"texture":"#0"},"south":{"uv":[4,0,0,4],"rotation":270,"texture":"#0"}}},{"from":[4.72826,15.01632,8.4134],"to":[11.34266,24.11112,8.4134],"rotation":{"angle":22.5,"axis":"x","origin":[8,15.1288,8.2067]},"faces":{"north":{"uv":[7.5,1.75,9.5,4.5],"texture":"#0"},"south":{"uv":[7.5,1.75,9.5,4.5],"texture":"#0"}}},{"from":[4.72826,-2.12152,8.4134],"to":[11.34266,6.97328,8.4134],"rotation":{"angle":0,"axis":"x","origin":[8.03546,6.76658,8.4134]},"faces":{"north":{"uv":[7.5,4.5,9.5,1.75],"texture":"#0"},"south":{"uv":[7.5,4.5,9.5,1.75],"texture":"#0"}}},{"from":[-5.11632,7.72306,8.4134],"to":[3.97848,14.33746,8.4134],"rotation":{"angle":22.5,"axis":"y","origin":[3.97848,11.03026,8.4134]},"faces":{"north":{"uv":[7.5,1.75,9.5,4.5],"rotation":90,"texture":"#0"},"south":{"uv":[7.5,1.75,9.5,4.5],"rotation":270,"texture":"#0"}}},{"from":[12.02152,7.72306,8.4134],"to":[21.11632,14.33746,8.4134],"rotation":{"angle":-22.5,"axis":"y","origin":[12.02152,11.03026,8.4134]},"faces":{"north":{"uv":[7.5,4.5,9.5,1.75],"rotation":90,"texture":"#0"},"south":{"uv":[7.5,4.5,9.5,1.75],"rotation":270,"texture":"#0"}}}],"gui_light":"front","display":{"thirdperson_righthand":{"rotation":[0,-90,0],"translation":[4,-5,4]},"thirdperson_lefthand":{"rotation":[0,-90,0],"translation":[4,-5,4]},"firstperson_righthand":{"translation":[7.75,-13,-0.75]},"firstperson_lefthand":{"translation":[7.75,-13,-0.75]},"ground":{"translation":[0,7,-1],"scale":[0.39,0.39,0.39]},"gui":{"rotation":[10,148,6],"translation":[-0.75,-0.75,0],"scale":[0.44,0.44,0.44]},"fixed":{"translation":[0,-6.25,-4],"scale":[2.01,2.01,2.01]}}}