{"credit":"Made with Blockbench","texture_size":[64,64],"textures":{"0":"optifine/cit/illager/shield/illager_shield","particle":"optifine/cit/illager/shield/illager_shield"},"elements":[{"from":[1,0,6],"to":[15,22,9],"faces":{"north":{"uv":[0.75,0.75,4.25,6.25],"texture":"#0"},"east":{"uv":[0,0.75,0.75,6.25],"texture":"#0"},"south":{"uv":[5,0.75,8.5,6.25],"texture":"#0"},"west":{"uv":[4.25,0.75,5,6.25],"texture":"#0"},"up":{"uv":[4.25,0.75,0.75,0],"texture":"#0"},"down":{"uv":[4.25,0,7.75,0.75],"texture":"#0"}}},{"from":[11.7,-0.3,5.7],"to":[15.3,3.3,9.3],"faces":{"north":{"uv":[9.25,4,10,4.75],"texture":"#0"},"east":{"uv":[9.25,4,8.5,4.75],"texture":"#0"},"south":{"uv":[10,4,9.25,4.75],"texture":"#0"},"west":{"uv":[10,4,9.75,4.75],"texture":"#0"},"up":{"uv":[9.25,3.25,8.5,4],"texture":"#0"},"down":{"uv":[10,3.25,9.25,4],"texture":"#0"}}},{"from":[0.7,18.7,5.7],"to":[4.3,22.3,9.3],"faces":{"north":{"uv":[10,3.25,10.75,4],"texture":"#0"},"east":{"uv":[10.25,3.25,10,4],"texture":"#0"},"south":{"uv":[10.75,3.25,10,4],"texture":"#0"},"west":{"uv":[11.5,3.25,10.75,4],"texture":"#0"},"up":{"uv":[10.75,4,11.5,3.25],"rotation":90,"texture":"#0"},"down":{"uv":[10.75,3.75,10,4],"texture":"#0"}}},{"from":[7,8,9],"to":[9,14,15],"rotation":{"angle":0,"axis":"y","origin":[15,15,17]},"faces":{"east":{"uv":[8.5,1.75,10,3.25],"texture":"#0"},"south":{"uv":[10,1.75,10.5,3.25],"texture":"#0"},"west":{"uv":[8.5,1.75,10,3.25],"texture":"#0"},"up":{"uv":[8.5,1.25,10,1.75],"rotation":90,"texture":"#0"},"down":{"uv":[8.5,0.75,10,1.25],"rotation":90,"texture":"#0"}}}],"display":{"thirdperson_righthand":{"rotation":[0,-90,0],"translation":[4,-5,4]},"thirdperson_lefthand":{"rotation":[0,-90,0],"translation":[4,-5,4]},"firstperson_righthand":{"translation":[7.75,-16,-0.75]},"firstperson_lefthand":{"translation":[7.75,-16,-0.75]},"ground":{"translation":[0,7,-1],"scale":[0.39,0.39,0.39]},"gui":{"rotation":[10,148,6],"translation":[-0.25,-1.5,0],"scale":[0.57,0.57,0.57]},"fixed":{"translation":[0,-6.25,-4],"scale":[2.01,2.01,2.01]}}}