{"credit":"Made with Blockbench","texture_size":[64,64],"textures":{"0":"optifine/cit/lunar_gear/shield/lunar_shield","particle":"optifine/cit/lunar_gear/shield/lunar_shield"},"elements":[{"from":[-4,0,7],"to":[20,24,9],"rotation":{"angle":45,"axis":"z","origin":[8,12,4]},"faces":{"north":{"uv":[0,0,6,6],"texture":"#0"},"east":{"uv":[6.5,0,6,6],"texture":"#0"},"south":{"uv":[6,6,0,12],"texture":"#0"},"west":{"uv":[6,0,6.5,6],"texture":"#0"},"up":{"uv":[6,0,6.5,6],"rotation":90,"texture":"#0"},"down":{"uv":[6,6,6.5,0],"rotation":270,"texture":"#0"}}},{"from":[7,9,9],"to":[9,15,15],"rotation":{"angle":0,"axis":"y","origin":[0,0,3]},"faces":{"north":{"uv":[6.5,0,6.75,1.5],"texture":"#0"},"east":{"uv":[8,0,6.5,1.5],"texture":"#0"},"south":{"uv":[7.75,0,8,1.5],"texture":"#0"},"west":{"uv":[6.5,0,8,1.5],"texture":"#0"},"up":{"uv":[6.5,0,8,0.25],"rotation":90,"texture":"#0"},"down":{"uv":[8,1.25,6.5,1.5],"rotation":90,"texture":"#0"}}}],"gui_light":"front","display":{"thirdperson_righthand":{"rotation":[45,-45,0],"translation":[3.75,-1,-1.5]},"thirdperson_lefthand":{"rotation":[45,-45,0],"translation":[3.75,-1,-1.5]},"firstperson_righthand":{"rotation":[1,0,14],"translation":[3.25,-11.75,-4.5]},"firstperson_lefthand":{"rotation":[1,0,14],"translation":[3.25,-11.75,-4.5]},"ground":{"translation":[0,7.25,0],"scale":[0.39,0.39,0.39]},"gui":{"rotation":[10,148,6],"translation":[-0.25,-1.75,0],"scale":[0.44,0.44,0.44]},"fixed":{"translation":[0,-9,-4],"scale":[2,2,2]}}}