{"credit":"Made with Blockbench","texture_size":[32,32],"textures":{"0":"optifine/cit/spooky_gear/shield/pumpkin_shield","particle":"optifine/cit/spooky_gear/shield/pumpkin_shield"},"elements":[{"from":[7,8,9],"to":[9,14,15],"rotation":{"angle":0,"axis":"y","origin":[15,15,17]},"faces":{"east":{"uv":[4.5,5.5,6,7],"texture":"#0"},"south":{"uv":[6,5.5,6.5,7],"texture":"#0"},"west":{"uv":[4.5,5.5,6,7],"texture":"#0"},"up":{"uv":[4.5,5,6,5.5],"rotation":90,"texture":"#0"},"down":{"uv":[4.5,4.5,6,5],"rotation":90,"texture":"#0"}}},{"from":[-1,2,5],"to":[17,20,9],"faces":{"north":{"uv":[0,0,4.5,4.5],"texture":"#0"},"east":{"uv":[4.5,0,5.5,4.5],"texture":"#0"},"south":{"uv":[5.5,0,10,4.5],"texture":"#0"},"west":{"uv":[4.5,0,5.5,4.5],"texture":"#0"},"up":{"uv":[0,5.5,4.5,6.5],"rotation":180,"texture":"#0"},"down":{"uv":[0,4.5,4.5,5.5],"texture":"#0"}}},{"from":[7,20,6],"to":[9,25,8],"faces":{"north":{"uv":[6.5,4.5,7,5.75],"texture":"#0"},"east":{"uv":[7,4.5,6.5,5.75],"texture":"#0"},"south":{"uv":[6.5,4.5,7,5.75],"texture":"#0"},"west":{"uv":[7,4.5,6.5,5.75],"texture":"#0"},"up":{"uv":[7,4.5,7.5,5],"rotation":180,"texture":"#0"}}},{"from":[-13,7,9.1],"to":[10,23,9.1],"rotation":{"angle":22.5,"axis":"z","origin":[-4.5,13.5,9]},"faces":{"north":{"uv":[0,7,5.75,11],"texture":"#0"},"south":{"uv":[5.75,7,0,11],"texture":"#0"}}},{"from":[6,7,9.1],"to":[29,23,9.1],"rotation":{"angle":-22.5,"axis":"z","origin":[20.5,13.5,9]},"faces":{"north":{"uv":[5.75,7,0,11],"texture":"#0"},"south":{"uv":[0,7,5.75,11],"texture":"#0"}}},{"from":[-5.5,-7,7],"to":[20.5,3,7],"faces":{"north":{"uv":[7.5,4.5,14,7],"texture":"#0"},"south":{"uv":[7.5,4.5,14,7],"texture":"#0"}}}],"display":{"thirdperson_righthand":{"rotation":[0,-90,0],"translation":[4,-5,4]},"thirdperson_lefthand":{"rotation":[0,-90,0],"translation":[4,-5,4]},"firstperson_righthand":{"translation":[7.75,-13,-0.75]},"firstperson_lefthand":{"translation":[7.75,-13,-0.75]},"ground":{"translation":[0,7,-1],"scale":[0.39,0.39,0.39]},"gui":{"rotation":[10,148,6],"translation":[-0.75,-0.75,0],"scale":[0.44,0.44,0.44]},"fixed":{"translation":[0,-6.25,-4],"scale":[2.01,2.01,2.01]}}}