{"credit":"Made with Blockbench","texture_size":[64,64],"textures":{"0":"optifine/cit/festive_gear/shield/gingerbread_shield","particle":"optifine/cit/festive_gear/shield/gingerbread_shield"},"elements":[{"from":[4,11,5],"to":[12,18,7],"faces":{"north":{"uv":[1.25,0,3.25,1.75],"texture":"#0"},"east":{"uv":[3,0,3.25,1.75],"texture":"#0"},"south":{"uv":[6.5,0,8.5,1.75],"texture":"#0"},"west":{"uv":[3,0,3.25,1.75],"texture":"#0"},"up":{"uv":[1.25,0,3.25,0.25],"texture":"#0"}}},{"from":[4,1,5],"to":[12,11,7],"faces":{"north":{"uv":[1.25,1.75,3.25,4.25],"texture":"#0"},"east":{"uv":[3,1.75,3.25,4.25],"texture":"#0"},"south":{"uv":[6.5,1.75,8.5,4.25],"texture":"#0"},"west":{"uv":[3,1.75,3.25,4.25],"texture":"#0"},"down":{"uv":[1.25,4,3.25,4.25],"texture":"#0"}}},{"from":[-1,7,5],"to":[4,12,7],"faces":{"north":{"uv":[3.25,1.5,4.5,2.75],"texture":"#0"},"south":{"uv":[4.5,1.5,3.25,2.75],"texture":"#0"},"west":{"uv":[4.25,1.5,4.5,2.75],"texture":"#0"},"up":{"uv":[3.25,1.5,4.5,1.75],"texture":"#0"},"down":{"uv":[3.25,2.5,4.5,2.75],"rotation":180,"texture":"#0"}}},{"from":[12,7,5],"to":[17,12,7],"rotation":{"angle":0,"axis":"y","origin":[16,0,0]},"faces":{"north":{"uv":[4.5,1.5,3.25,2.75],"texture":"#0"},"east":{"uv":[4.5,1.5,4.25,2.75],"texture":"#0"},"south":{"uv":[3.25,1.5,4.5,2.75],"texture":"#0"},"up":{"uv":[4.5,1.5,3.25,1.75],"texture":"#0"},"down":{"uv":[4.5,2.5,3.25,2.75],"rotation":180,"texture":"#0"}}},{"from":[8.1,-6.9,5.1],"to":[12.9,1.9,6.9],"rotation":{"angle":22.5,"axis":"z","origin":[10.5,-0.5,6]},"faces":{"north":{"uv":[1,4.25,2.25,6.5],"texture":"#0"},"east":{"uv":[1,4.25,1.25,6.5],"texture":"#0"},"south":{"uv":[2.25,4.25,1,6.5],"texture":"#0"},"west":{"uv":[1,4.25,1.25,6.5],"texture":"#0"},"up":{"uv":[1,4.25,2.25,4.5],"rotation":180,"texture":"#0"},"down":{"uv":[1,6.25,2.25,6.5],"texture":"#0"}}},{"from":[3.12,-6.88,5.12],"to":[7.88,1.88,6.88],"rotation":{"angle":-22.5,"axis":"z","origin":[5.5,-0.5,6]},"faces":{"north":{"uv":[2.25,4.25,1,6.5],"texture":"#0"},"east":{"uv":[1.25,4.25,1,6.5],"texture":"#0"},"south":{"uv":[1,4.25,2.25,6.5],"texture":"#0"},"west":{"uv":[1.25,4.25,1,6.5],"texture":"#0"},"up":{"uv":[2.25,4.25,1,4.5],"rotation":180,"texture":"#0"},"down":{"uv":[2.25,6.25,1,6.5],"texture":"#0"}}},{"from":[7,3,7],"to":[9,9,13],"faces":{"north":{"uv":[6,0,6.5,1.5],"texture":"#0"},"east":{"uv":[4.5,0,6,1.5],"texture":"#0"},"south":{"uv":[6,0,6.5,1.5],"texture":"#0"},"west":{"uv":[4.5,0,6,1.5],"texture":"#0"},"up":{"uv":[4.5,0,6,0.25],"rotation":90,"texture":"#0"},"down":{"uv":[4.5,1.25,6,1.5],"rotation":90,"texture":"#0"}}}],"display":{"thirdperson_righthand":{"rotation":[45,-45,0],"translation":[2.75,1.5,3.25]},"thirdperson_lefthand":{"rotation":[45,-45,0],"translation":[2.75,1.5,3.25]},"firstperson_righthand":{"rotation":[-2,-8,15],"translation":[1,-1,0.75]},"firstperson_lefthand":{"rotation":[-2,-8,15],"translation":[1,-1,0.75]},"ground":{"translation":[0,6.75,0],"scale":[0.39,0.39,0.39]},"gui":{"rotation":[10,148,6],"translation":[0.75,1.5,0],"scale":[0.58,0.58,0.58]},"fixed":{"translation":[0,3.25,0],"scale":[2,2,2]}}}