{"credit":"Made with Blockbench","texture_size":[64,64],"textures":{"0":"optifine/cit/pirate_gear/shield/pirate_shield","particle":"optifine/cit/pirate_gear/shield/pirate_shield"},"elements":[{"from":[-1,1,7],"to":[17,19,9],"rotation":{"angle":-45,"axis":"z","origin":[8,10,8]},"faces":{"north":{"uv":[0.75,0,5.25,4.5],"texture":"#0"},"east":{"uv":[0.75,0,1,4.5],"texture":"#0"},"south":{"uv":[8,0,12.5,4.5],"rotation":270,"texture":"#0"},"west":{"uv":[5.25,0,4.75,4.5],"texture":"#0"},"up":{"uv":[5.25,0,0.75,0.5],"texture":"#0"},"down":{"uv":[5.25,4.25,0.75,4.5],"texture":"#0"}}},{"from":[5,7,5],"to":[11,14,7],"rotation":{"angle":0,"axis":"y","origin":[0,1,0]},"faces":{"north":{"uv":[5.5,0,7,1.75],"texture":"#0"},"east":{"uv":[7.75,0,7.25,1.75],"texture":"#0"},"south":{"uv":[0,0,1.5,1.75],"texture":"#0"},"west":{"uv":[7.25,0,7.75,1.75],"texture":"#0"},"up":{"uv":[5.5,2.75,7,3.25],"texture":"#0"},"down":{"uv":[5.5,2.5,7,2],"texture":"#0"}}},{"from":[2.52513,-3.87437,7],"to":[6.52513,0.12563,9],"rotation":{"angle":-45,"axis":"z","origin":[5.52513,-2.37437,8]},"faces":{"north":{"uv":[1,4.25,2,5.25],"texture":"#0"},"east":{"uv":[1,4.25,1.25,5.25],"texture":"#0"},"south":{"uv":[2,4.25,1,5.25],"texture":"#0"},"west":{"uv":[1.75,4.25,2,5.25],"texture":"#0"},"down":{"uv":[2,5.25,1,5],"texture":"#0"}}},{"from":[9.47487,-3.87437,7],"to":[13.47487,0.12563,9],"rotation":{"angle":45,"axis":"z","origin":[10.47487,-2.37437,8]},"faces":{"north":{"uv":[2,4.25,1,5.25],"texture":"#0"},"east":{"uv":[2,4.25,1.75,5.25],"texture":"#0"},"south":{"uv":[1,4.25,2,5.25],"texture":"#0"},"west":{"uv":[1.25,4.25,1,5.25],"texture":"#0"},"down":{"uv":[1,5.25,2,5],"texture":"#0"}}},{"from":[6,14.25,-7.5],"to":[6,17.25,6.5],"rotation":{"angle":22.5,"axis":"x","origin":[2,8.5,3]},"faces":{"east":{"uv":[3.5,6.5,0,7.25],"texture":"#0"},"west":{"uv":[0,6.5,3.5,7.25],"texture":"#0"}}},{"from":[4.501,14.77946,-2.62079],"to":[7.501,14.77946,11.37921],"rotation":{"angle":22.5,"axis":"x","origin":[-2.749,20.27946,7.87921]},"faces":{"up":{"uv":[0,6.5,3.5,7.25],"rotation":90,"texture":"#0"},"down":{"uv":[3.5,6.5,0,7.25],"rotation":90,"texture":"#0"}}},{"from":[10.5,1,1],"to":[13.5,5,2],"rotation":{"angle":-22.5,"axis":"x","origin":[0,1,0]},"faces":{"north":{"uv":[2.25,4.5,3.25,5.5],"rotation":180,"texture":"#0"},"east":{"uv":[2.25,5.25,3.25,5.5],"rotation":270,"texture":"#0"},"south":{"uv":[2.25,4.5,3.25,5.5],"texture":"#0"},"west":{"uv":[2.25,5.25,3.25,5.5],"rotation":90,"texture":"#0"},"up":{"uv":[2.25,5.25,3.25,5.5],"rotation":180,"texture":"#0"},"down":{"uv":[2.25,5.25,3.25,5.5],"texture":"#0"}}},{"from":[12,2,2],"to":[12,4,14],"rotation":{"angle":-22.5,"axis":"x","origin":[0,1,0]},"faces":{"east":{"uv":[4.5,5.75,1.5,6.25],"texture":"#0"},"west":{"uv":[4.5,6.25,1.5,5.75],"rotation":180,"texture":"#0"}}},{"from":[11.5,2,-4],"to":[12.5,4,1],"rotation":{"angle":-22.5,"axis":"x","origin":[0,1,0]},"faces":{"north":{"uv":[2.25,4.75,2.5,5.25],"rotation":180,"texture":"#0"},"east":{"uv":[1.25,6.25,0,5.75],"texture":"#0"},"south":{"uv":[0,0,0.25,0.5],"texture":"#0"},"west":{"uv":[1.25,6.25,0,5.75],"rotation":180,"texture":"#0"},"up":{"uv":[1.25,6,0,5.75],"rotation":270,"texture":"#0"},"down":{"uv":[1.25,6,0,5.75],"rotation":90,"texture":"#0"}}},{"from":[7,8,9],"to":[9,14,15],"rotation":{"angle":0,"axis":"y","origin":[15,15,17]},"faces":{"east":{"uv":[5.5,5,7,6.5],"texture":"#0"},"south":{"uv":[7,5,7.5,6.5],"texture":"#0"},"west":{"uv":[5.5,5,7,6.5],"texture":"#0"},"up":{"uv":[5.5,4.5,7,5],"rotation":90,"texture":"#0"},"down":{"uv":[5.5,4,7,4.5],"rotation":90,"texture":"#0"}}}],"gui_light":"front","display":{"thirdperson_righthand":{"rotation":[0,-90,0],"translation":[4,-5,4]},"thirdperson_lefthand":{"rotation":[0,-90,0],"translation":[4,-5,4]},"firstperson_righthand":{"translation":[7.75,-13,-0.75]},"firstperson_lefthand":{"translation":[7.75,-13,-0.75]},"gui":{"rotation":[10,148,6],"translation":[-0.25,-0.75,0],"scale":[0.49,0.49,0.49]},"fixed":{"translation":[0,-6.25,-4],"scale":[2.01,2.01,2.01]}},"groups":[0,1,2,3,4,5,{"name":"group","origin":[0,0,0],"color":0,"children":[6,7,8]},9]}