{"credit":"Made with Blockbench","texture_size":[32,32],"textures":{"0":"optifine/cit/legendary_gear/shield/first_shield","particle":"optifine/cit/legendary_gear/shield/first_shield"},"elements":[{"from":[2,4,8],"to":[14,18,9],"rotation":{"angle":0,"axis":"y","origin":[10,12,16]},"faces":{"north":{"uv":[0,0,6,7],"texture":"#0"},"east":{"uv":[0,0,0.5,7],"texture":"#0"},"south":{"uv":[6,0,12,7],"texture":"#0"},"west":{"uv":[0,0,0.5,7],"texture":"#0"},"up":{"uv":[0,0,6,0.5],"texture":"#0"},"down":{"uv":[0,6.5,6,7],"texture":"#0"}}},{"from":[2,18,8],"to":[14,25,8],"rotation":{"angle":0,"axis":"y","origin":[10,26,16]},"faces":{"north":{"uv":[10,7.5,16,11],"texture":"#0"},"south":{"uv":[10,7.5,16,11],"texture":"#0"}}},{"from":[-2,-3,8],"to":[18,11,8],"rotation":{"angle":0,"axis":"y","origin":[6,5,16]},"faces":{"north":{"uv":[0,9,10,16],"texture":"#0"},"south":{"uv":[0,9,10,16],"texture":"#0"}}},{"from":[7,7,9],"to":[9,13,15],"rotation":{"angle":0,"axis":"y","origin":[15,15,17]},"faces":{"east":{"uv":[12,13,15,16],"texture":"#0"},"south":{"uv":[15,13,16,16],"texture":"#0"},"west":{"uv":[12,13,15,16],"texture":"#0"},"up":{"uv":[12,12,15,13],"rotation":90,"texture":"#0"},"down":{"uv":[12,11,15,12],"rotation":90,"texture":"#0"}}},{"from":[6,7,7],"to":[10,11,8],"faces":{"north":{"uv":[2,3.5,4,5.5],"texture":"#0"},"east":{"uv":[2,3.5,2.5,5.5],"texture":"#0"},"west":{"uv":[2,3.5,2.5,5.5],"texture":"#0"},"up":{"uv":[2,3.5,4,4],"texture":"#0"},"down":{"uv":[2,5,4,5.5],"texture":"#0"}}}],"display":{"thirdperson_righthand":{"rotation":[45,-45,0],"translation":[4,-1,-2]},"thirdperson_lefthand":{"rotation":[45,-45,0],"translation":[4,-1,-2]},"firstperson_righthand":{"rotation":[-2,-2,4],"translation":[-5.75,-8.25,-2.75],"scale":[1.25,1.25,1.25]},"firstperson_lefthand":{"rotation":[-2,-2,4],"translation":[-5.75,-8.25,-2.75],"scale":[1.25,1.25,1.25]},"ground":{"translation":[0.25,1.25,-0.75],"scale":[0.25,0.25,0.25]},"gui":{"rotation":[0,150,9],"translation":[-1.25,-1.25,0],"scale":[0.58,0.58,0.58]},"fixed":{"translation":[0,-0.75,-1.5],"scale":[0.5,0.5,0.5]}}}