{"credit":"Made with Blockbench","texture_size":[64,64],"textures":{"0":"optifine/cit/maple_gear/shield/maple_shield","particle":"optifine/cit/maple_gear/shield/maple_shield"},"elements":[{"from":[7,8,9],"to":[9,14,15],"rotation":{"angle":0,"axis":"y","origin":[15,15,17]},"faces":{"east":{"uv":[4.5,5.5,6,7],"texture":"#0"},"south":{"uv":[6,5.5,6.5,7],"texture":"#0"},"west":{"uv":[4.5,5.5,6,7],"texture":"#0"},"up":{"uv":[4.5,5,6,5.5],"rotation":90,"texture":"#0"},"down":{"uv":[4.5,4.5,6,5],"rotation":90,"texture":"#0"}}},{"from":[-1,2,7],"to":[17,20,9],"rotation":{"angle":45,"axis":"z","origin":[8,11,8]},"faces":{"north":{"uv":[0,0,4.5,4.5],"texture":"#0"},"east":{"uv":[10,0,9.5,4.5],"texture":"#0"},"south":{"uv":[4.75,0,9.25,4.5],"rotation":90,"texture":"#0"},"west":{"uv":[10.25,0,10.75,4.5],"texture":"#0"},"up":{"uv":[9.5,0,10,4.5],"rotation":90,"texture":"#0"},"down":{"uv":[10.75,0,10.25,4.5],"rotation":90,"texture":"#0"}}},{"from":[7,20,6],"to":[9,25,8],"faces":{"north":{"uv":[6.5,4.5,7,5.75],"texture":"#0"},"east":{"uv":[7,4.5,6.5,5.75],"texture":"#0"},"south":{"uv":[6.5,4.5,7,5.75],"texture":"#0"},"west":{"uv":[7,4.5,6.5,5.75],"texture":"#0"},"up":{"uv":[7,4.5,7.5,5],"rotation":180,"texture":"#0"}}},{"from":[-6,0,7.5],"to":[1,8,7.5],"rotation":{"angle":-22.5,"axis":"z","origin":[-1.5,4,6.5]},"faces":{"north":{"uv":[0,4.5,1.75,6.5],"texture":"#0"},"south":{"uv":[0,4.5,1.75,6.5],"texture":"#0"}}},{"from":[1.5,-3,7.5],"to":[8.5,5,7.5],"rotation":{"angle":-22.5,"axis":"z","origin":[-1.5,4,6.5]},"faces":{"north":{"uv":[0,8.5,1.75,10.5],"texture":"#0"},"south":{"uv":[0,8.5,1.75,10.5],"texture":"#0"}}},{"from":[4.5,-7.5,7],"to":[11.5,0.5,7],"rotation":{"angle":22.5,"axis":"x","origin":[8,0,6.5]},"faces":{"north":{"uv":[0,10.5,1.75,12.5],"texture":"#0"},"south":{"uv":[0,10.5,1.75,12.5],"texture":"#0"}}},{"from":[-0.5,2.25,4.25],"to":[4.5,7.25,4.25],"rotation":{"angle":22.5,"axis":"x","origin":[0,0,0]},"faces":{"north":{"uv":[1.75,6.5,3,7.75],"texture":"#0"},"south":{"uv":[1.75,6.5,3,7.75],"texture":"#0"}}},{"from":[15,0,7.5],"to":[22,8,7.5],"rotation":{"angle":22.5,"axis":"z","origin":[17.5,4,6.5]},"faces":{"north":{"uv":[1.75,4.5,0,6.5],"texture":"#0"},"south":{"uv":[1.75,4.5,0,6.5],"texture":"#0"}}},{"from":[7.5,-3,7.5],"to":[14.5,5,7.5],"rotation":{"angle":22.5,"axis":"z","origin":[17.5,4,6.5]},"faces":{"north":{"uv":[1.75,8.5,0,10.5],"texture":"#0"},"south":{"uv":[1.75,8.5,0,10.5],"texture":"#0"}}},{"from":[-0.5,13,9.25],"to":[6.5,21,9.25],"rotation":{"angle":22.5,"axis":"z","origin":[-1.5,13,6.5]},"faces":{"north":{"uv":[0,10.5,1.75,8.5],"texture":"#0"},"south":{"uv":[0,10.5,1.75,8.5],"texture":"#0"}}},{"from":[9.5,13,9.25],"to":[16.5,21,9.25],"rotation":{"angle":-22.5,"axis":"z","origin":[17.5,13,6.5]},"faces":{"north":{"uv":[1.75,10.5,0,8.5],"texture":"#0"},"south":{"uv":[1.75,10.5,0,8.5],"texture":"#0"}}},{"from":[11.5,2.25,4.25],"to":[16.5,7.25,4.25],"rotation":{"angle":22.5,"axis":"x","origin":[16,0,0]},"faces":{"north":{"uv":[3,6.5,1.75,7.75],"texture":"#0"},"south":{"uv":[3,6.5,1.75,7.75],"texture":"#0"}}}],"display":{"thirdperson_righthand":{"rotation":[0,-90,0],"translation":[4,-5,4]},"thirdperson_lefthand":{"rotation":[0,-90,0],"translation":[4,-5,4]},"firstperson_righthand":{"translation":[7.75,-13,-0.75]},"firstperson_lefthand":{"translation":[7.75,-13,-0.75]},"ground":{"translation":[0,7,-1],"scale":[0.39,0.39,0.39]},"gui":{"rotation":[10,148,6],"translation":[-0.5,-0.25,0],"scale":[0.44,0.44,0.44]},"fixed":{"translation":[0,-6.25,-4],"scale":[2.01,2.01,2.01]}}}