{"credit":"Made with Blockbench","texture_size":[32,32],"textures":{"0":"optifine/cit/other/shield/tiki_shield","particle":"optifine/cit/other/shield/tiki_shield"},"elements":[{"from":[2,1,8],"to":[14,21,9],"rotation":{"angle":0,"axis":"y","origin":[10,12,16]},"faces":{"north":{"uv":[0,0.5,6,10.5],"texture":"#0"},"east":{"uv":[6,0.5,6.5,10.5],"texture":"#0"},"south":{"uv":[6.5,0.5,12.5,10.5],"texture":"#0"},"west":{"uv":[6,0.5,6.5,10.5],"texture":"#0"},"up":{"uv":[0,0.5,6,1],"texture":"#0"},"down":{"uv":[0,10,6,10.5],"texture":"#0"}}},{"from":[7,8,9],"to":[9,14,15],"rotation":{"angle":0,"axis":"y","origin":[15,15,17]},"faces":{"east":{"uv":[12,13,15,16],"texture":"#0"},"south":{"uv":[15,13,16,16],"texture":"#0"},"west":{"uv":[12,13,15,16],"texture":"#0"},"up":{"uv":[12,12,15,13],"rotation":90,"texture":"#0"},"down":{"uv":[12,11,15,12],"rotation":90,"texture":"#0"}}},{"from":[5,21,8],"to":[11,22,9],"faces":{"north":{"uv":[1.5,0,4.5,0.5],"texture":"#0"},"east":{"uv":[1.5,0,2,0.5],"texture":"#0"},"south":{"uv":[1.5,0,4.5,0.5],"texture":"#0"},"west":{"uv":[1.5,0,2,0.5],"texture":"#0"},"up":{"uv":[1.5,0,4.5,0.5],"texture":"#0"}}},{"from":[10,-6,9.15],"to":[16,10,9.15],"rotation":{"angle":45,"axis":"z","origin":[12,1,9.1]},"faces":{"north":{"uv":[12.5,0.5,15.5,8.5],"rotation":180,"texture":"#0"},"south":{"uv":[12.5,0.5,15.5,8.5],"rotation":180,"texture":"#0"}}},{"from":[0,-6,9.1],"to":[6,10,9.1],"rotation":{"angle":-45,"axis":"z","origin":[4,1,9.1]},"faces":{"north":{"uv":[12.5,0.5,15.5,8.5],"rotation":180,"texture":"#0"},"south":{"uv":[12.5,0.5,15.5,8.5],"rotation":180,"texture":"#0"}}},{"from":[5,-8,9.2],"to":[11,8,9.2],"rotation":{"angle":0,"axis":"z","origin":[4,1,9.1]},"faces":{"north":{"uv":[12.5,0.5,15.5,8.5],"rotation":180,"texture":"#0"},"south":{"uv":[12.5,0.5,15.5,8.5],"rotation":180,"texture":"#0"}}},{"from":[1,12,9.1],"to":[7,28,9.1],"rotation":{"angle":22.5,"axis":"z","origin":[4,20,9.1]},"faces":{"north":{"uv":[12.5,0.5,15.5,8.5],"texture":"#0"},"south":{"uv":[12.5,0.5,15.5,8.5],"texture":"#0"}}},{"from":[9,12,9.1],"to":[15,28,9.1],"rotation":{"angle":-22.5,"axis":"z","origin":[12,20,9.1]},"faces":{"north":{"uv":[12.5,0.5,15.5,8.5],"texture":"#0"},"south":{"uv":[12.5,0.5,15.5,8.5],"texture":"#0"}}}],"display":{"thirdperson_righthand":{"rotation":[0,-90,0],"translation":[4,-5,4]},"thirdperson_lefthand":{"rotation":[0,-90,0],"translation":[4,-5,4]},"firstperson_righthand":{"translation":[1,-13,-0.75]},"firstperson_lefthand":{"translation":[1,-13,-0.75]},"ground":{"translation":[0,7,-1],"scale":[0.39,0.39,0.39]},"gui":{"rotation":[10,148,6],"translation":[-1.25,-1.25,0],"scale":[0.44,0.44,0.44]},"fixed":{"translation":[0,-6.25,-4],"scale":[2.01,2.01,2.01]}}}