{"credit":"Made with Blockbench","texture_size":[64,64],"textures":{"1":"optifine/cit/gothic_gear/shield/gothic_shield","particle":"optifine/cit/gothic_gear/shield/gothic_shield"},"elements":[{"from":[7,8,9],"to":[9,14,15],"rotation":{"angle":0,"axis":"y","origin":[15,15,17]},"faces":{"east":{"uv":[0,9.5,1.5,11],"texture":"#1"},"south":{"uv":[1.5,9.5,2,11],"texture":"#1"},"west":{"uv":[0,9.5,1.5,11],"texture":"#1"},"up":{"uv":[0,9,1.5,9.5],"rotation":90,"texture":"#1"},"down":{"uv":[0,8.5,1.5,9],"rotation":90,"texture":"#1"}}},{"from":[1,-2,5],"to":[15,21,9],"rotation":{"angle":0,"axis":"y","origin":[0,-2,0]},"faces":{"north":{"uv":[0,0,3.5,5.75],"texture":"#1"},"east":{"uv":[3.75,0,4.75,5.75],"texture":"#1"},"south":{"uv":[5,0,8.5,5.75],"texture":"#1"},"west":{"uv":[3.75,0,4.75,5.75],"texture":"#1"},"up":{"uv":[0,6,3.5,7],"texture":"#1"},"down":{"uv":[0,7.25,3.5,8.25],"texture":"#1"}}},{"from":[0,10,4],"to":[4,15,8],"rotation":{"angle":0,"axis":"y","origin":[0,-2,0]},"faces":{"north":{"uv":[8.5,2.25,9.5,3.5],"texture":"#1"},"east":{"uv":[8.5,2.25,9.5,3.5],"texture":"#1"},"south":{"uv":[10.75,2.25,9.75,3.5],"texture":"#1"},"west":{"uv":[9.75,2.25,10.75,3.5],"texture":"#1"}}},{"name":"cube inverted","from":[4,15,8],"to":[0,10,4],"rotation":{"angle":0,"axis":"y","origin":[0,-2,0]},"faces":{"north":{"uv":[10.75,3.5,9.75,2.25],"texture":"#1"},"east":{"uv":[9.75,3.5,10.75,2.25],"texture":"#1"},"south":{"uv":[8.5,3.5,9.5,2.25],"texture":"#1"},"west":{"uv":[8.5,3.5,9.5,2.25],"texture":"#1"}}},{"from":[12,10,4],"to":[16,15,8],"rotation":{"angle":0,"axis":"y","origin":[16,-2,0]},"faces":{"north":{"uv":[9.5,2.25,8.5,3.5],"texture":"#1"},"east":{"uv":[10.75,2.25,9.75,3.5],"texture":"#1"},"south":{"uv":[9.75,2.25,10.75,3.5],"texture":"#1"},"west":{"uv":[9.5,2.25,8.5,3.5],"texture":"#1"}}},{"name":"cube inverted","from":[16,15,8],"to":[12,10,4],"rotation":{"angle":0,"axis":"y","origin":[16,-2,0]},"faces":{"north":{"uv":[9.75,3.5,10.75,2.25],"texture":"#1"},"east":{"uv":[9.5,3.5,8.5,2.25],"texture":"#1"},"south":{"uv":[9.5,3.5,8.5,2.25],"texture":"#1"},"west":{"uv":[10.75,3.5,9.75,2.25],"texture":"#1"}}},{"from":[5,17,4],"to":[11,23,6],"rotation":{"angle":0,"axis":"y","origin":[0,-2,0]},"faces":{"north":{"uv":[9.5,0.5,11,2],"texture":"#1"},"east":{"uv":[11.75,0.5,11.25,2],"texture":"#1"},"south":{"uv":[11.5,0.5,11.75,2],"texture":"#1"},"west":{"uv":[11.25,0.5,11.75,2],"texture":"#1"},"up":{"uv":[9.5,0,11,0.5],"rotation":180,"texture":"#1"}}},{"from":[11,21,5],"to":[14,25,5],"rotation":{"angle":-45,"axis":"x","origin":[8,22,5]},"faces":{"north":{"uv":[8.75,0,9.5,1],"texture":"#1"},"south":{"uv":[9.5,0,8.75,1],"texture":"#1"}}},{"from":[2,21,5],"to":[5,25,5],"rotation":{"angle":-45,"axis":"x","origin":[8,22,5]},"faces":{"north":{"uv":[9.5,0,8.75,1],"texture":"#1"},"south":{"uv":[8.75,0,9.5,1],"texture":"#1"}}},{"name":"cube inverted","from":[11,23,6],"to":[5,17,4],"rotation":{"angle":0,"axis":"y","origin":[0,-2,0]},"faces":{"north":{"uv":[11.5,2,11.75,0.5],"texture":"#1"},"east":{"uv":[11.25,2,11.75,0.5],"texture":"#1"},"south":{"uv":[9.5,2,11,0.5],"texture":"#1"},"west":{"uv":[11.75,2,11.25,0.5],"texture":"#1"},"down":{"uv":[11,0,9.5,0.5],"rotation":180,"texture":"#1"}}},{"from":[3,-8,6],"to":[13,-2,6],"rotation":{"angle":0,"axis":"y","origin":[0,-2,0]},"faces":{"north":{"uv":[5.5,5.75,8,7.25],"texture":"#1"},"south":{"uv":[8,5.75,5.5,7.25],"texture":"#1"}}}],"display":{"thirdperson_righthand":{"rotation":[45,-45,0],"translation":[3.75,-1,-0.75]},"thirdperson_lefthand":{"rotation":[45,-45,0],"translation":[3.75,-1,-0.75]},"firstperson_righthand":{"rotation":[0,0,12],"translation":[3.75,-9,-0.75]},"firstperson_lefthand":{"rotation":[0,0,12],"translation":[3.75,-9,-0.75]},"ground":{"translation":[0,7,-1],"scale":[0.39,0.39,0.39]},"gui":{"rotation":[10,148,6],"translation":[-0.25,0,0],"scale":[0.48,0.48,0.48]},"fixed":{"translation":[0,-6.25,-4],"scale":[2.01,2.01,2.01]}}}