{"credit":"Made with Blockbench","texture_size":[64,64],"textures":{"0":"optifine/cit/arctic/shield/nomad_shield","particle":"optifine/cit/arctic/shield/nomad_shield"},"elements":[{"from":[0,3,7],"to":[16,19,9],"rotation":{"angle":-45,"axis":"z","origin":[8,11,8]},"faces":{"north":{"uv":[0,0,4,4],"texture":"#0"},"east":{"uv":[4,4,0,4.5],"rotation":90,"texture":"#0"},"south":{"uv":[4.5,4,8.5,0],"rotation":180,"texture":"#0"},"west":{"uv":[4,0,4.5,4],"texture":"#0"},"up":{"uv":[4,4,4.5,0],"rotation":90,"texture":"#0"},"down":{"uv":[4,4.5,0,4],"texture":"#0"}}},{"from":[7,8,9],"to":[9,14,15],"rotation":{"angle":0,"axis":"y","origin":[15,18,17]},"faces":{"east":{"uv":[8.5,1,10,2.5],"texture":"#0"},"south":{"uv":[10,1,10.5,2.5],"texture":"#0"},"west":{"uv":[8.5,1,10,2.5],"texture":"#0"},"up":{"uv":[8.5,0.5,10,1],"rotation":90,"texture":"#0"},"down":{"uv":[8.5,0,10,0.5],"rotation":90,"texture":"#0"}}},{"from":[6,9,6],"to":[10,13,7],"rotation":{"angle":0,"axis":"y","origin":[0,3,0]},"faces":{"north":{"uv":[8.5,2.5,9.5,3.5],"texture":"#0"},"east":{"uv":[9.25,2.5,9.5,3.5],"texture":"#0"},"south":{"uv":[8.5,2.5,9.5,3.5],"texture":"#0"},"west":{"uv":[9.25,2.5,9.5,3.5],"texture":"#0"},"up":{"uv":[8.5,2.5,9.5,2.75],"texture":"#0"},"down":{"uv":[9.25,2.5,9.5,3.5],"texture":"#0"}}}],"display":{"thirdperson_righthand":{"rotation":[0,-90,0],"translation":[4,-5,4]},"thirdperson_lefthand":{"rotation":[0,-90,0],"translation":[4,-5,4]},"firstperson_righthand":{"translation":[7.75,-13,-0.75]},"firstperson_lefthand":{"translation":[7.75,-13,-0.75]},"gui":{"rotation":[10,148,6],"translation":[-0.25,-1.5,0],"scale":[0.55,0.55,0.55]},"fixed":{"translation":[0,-6.25,-4],"scale":[2.01,2.01,2.01]}}}